INSERT INTO ToolCategories (tool_id, category_id) VALUES
(1, 8),
(1, 21),
(1, 34),
(1, 47),
(2, 15),
(2, 28),
(2, 41),
(2, 54),
(2, 67),
(3, 22),
(3, 35),
(3, 48),
(4, 29),
(4, 42),
(4, 55),
(4, 68),
(5, 36),
(5, 49),
(5, 62),
(5, 75),
(5, 88),
(6, 43),
(6, 56),
(6, 69),
(7, 50),
(7, 63),
(7, 76),
(7, 89),
(8, 57),
(8, 70),
(8, 83),
(8, 96),
(8, 109),
(9, 64),
(9, 77),
(9, 90),
(10, 71),
(10, 84),
(10, 97),
(10, 110),
(11, 78),
(11, 91),
(11, 104),
(11, 117),
(11, 130),
(12, 85),
(12, 98),
(12, 111),
(13, 92),
(13, 105),
(13, 118),
(13, 131),
(14, 99),
(14, 112),
(14, 125),
(14, 138),
(14, 151),
(15, 106),
(15, 119),
(15, 132),
(16, 113),
(16, 126),
(16, 139),
(16, 152),
(17, 120),
(17, 133),
(17, 146),
(17, 159),
(17, 172),
(18, 127),
(18, 140),
(18, 153),
(19, 134),
(19, 147),
(19, 160),
(19, 173),
(20, 141),
(20, 154),
(20, 167),
(20, 180),
(20, 193),
(21, 148),
(21, 161),
(21, 174),
(22, 155),
(22, 168),
(22, 181),
(22, 194),
(23, 162),
(23, 175),
(23, 188),
(23, 201),
(23, 214),
(24, 169),
(24, 182),
(24, 195),
(25, 176),
(25, 189),
(25, 202),
(25, 215),
(26, 183),
(26, 196),
(26, 209),
(26, 222),
(26, 235),
(27, 190),
(27, 203),
(27, 216),
(28, 197),
(28, 210),
(28, 223),
(28, 236),
(29, 204),
(29, 217),
(29, 230),
(29, 243),
(29, 256),
(30, 211),
(30, 224),
(30, 237),
(31, 218),
(31, 231),
(31, 244),
(31, 257),
(32, 225),
(32, 238),
(32, 251),
(32, 264),
(32, 277),
(33, 232),
(33, 245),
(33, 258),
(34, 239),
(34, 252),
(34, 265),
(34, 278),
(35, 246),
(35, 259),
(35, 272),
(35, 285),
(35, 298),
(36, 253),
(36, 266),
(36, 279),
(37, 260),
(37, 273),
(37, 286),
(37, 299),
(38, 267),
(38, 280),
(38, 293),
(38, 306),
(38, 319),
(39, 274),
(39, 287),
(39, 300),
(40, 281),
(40, 294),
(40, 307),
(40, 320),
(41, 288),
(41, 301),
(41, 314),
(41, 327),
(41, 340),
(42, 295),
(42, 308),
(42, 321),
(43, 302),
(43, 315),
(43, 328),
(43, 341),
(44, 309),
(44, 322),
(44, 335),
(44, 348),
(44, 361),
(45, 316),
(45, 329),
(45, 342),
(46, 323),
(46, 336),
(46, 349),
(46, 362),
(47, 330),
(47, 343),
(47, 356),
(47, 369),
(47, 382),
(48, 337),
(48, 350),
(48, 363),
(49, 344),
(49, 357),
(49, 370),
(49, 383),
(50, 351),
(50, 364),
(50, 377),
(50, 390),
(50, 403),
(51, 358),
(51, 371),
(51, 384),
(52, 365),
(52, 378),
(52, 391),
(52, 404),
(53, 372),
(53, 385),
(53, 398),
(53, 411),
(53, 424),
(54, 379),
(54, 392),
(54, 405),
(55, 386),
(55, 399),
(55, 412),
(55, 425),
(56, 393),
(56, 406),
(56, 419),
(56, 432),
(56, 445),
(57, 400),
(57, 413),
(57, 426),
(58, 407),
(58, 420),
(58, 433),
(58, 446),
(59, 414),
(59, 427),
(59, 440),
(59, 453),
(59, 466),
(60, 421),
(60, 434),
(60, 447),
(61, 428),
(61, 441),
(61, 454),
(61, 467),
(62, 435),
(62, 448),
(62, 461),
(62, 474),
(62, 487),
(63, 442),
(63, 455),
(63, 468),
(64, 449),
(64, 462),
(64, 475),
(64, 488),
(65, 456),
(65, 469),
(65, 482),
(65, 495),
(65, 508),
(66, 463),
(66, 476),
(66, 489),
(67, 470),
(67, 483),
(67, 496),
(67, 509),
(68, 477),
(68, 490),
(68, 503),
(68, 516),
(68, 529),
(69, 484),
(69, 497),
(69, 510),
(70, 491),
(70, 504),
(70, 517),
(70, 530),
(71, 498),
(71, 511),
(71, 524),
(71, 537),
(71, 550),
(72, 505),
(72, 518),
(72, 531),
(73, 512),
(73, 525),
(73, 538),
(73, 551),
(74, 519),
(74, 532),
(74, 545),
(74, 558),
(74, 571),
(75, 526),
(75, 539),
(75, 552),
(76, 533),
(76, 546),
(76, 559),
(76, 572),
(77, 540),
(77, 553),
(77, 566),
(77, 579),
(77, 592),
(78, 547),
(78, 560),
(78, 573),
(79, 554),
(79, 567),
(79, 580),
(79, 593),
(80, 561),
(80, 574),
(80, 587),
(80, 600),
(80, 13),
(81, 568),
(81, 581),
(81, 594),
(82, 575),
(82, 588),
(82, 1),
(82, 14),
(83, 582),
(83, 595),
(83, 8),
(83, 21),
(83, 34),
(84, 589),
(84, 2),
(84, 15),
(85, 596),
(85, 9),
(85, 22),
(85, 35),
(86, 3),
(86, 16),
(86, 29),
(86, 42),
(86, 55),
(87, 10),
(87, 23),
(87, 36),
(88, 17),
(88, 30),
(88, 43),
(88, 56),
(89, 24),
(89, 37),
(89, 50),
(89, 63),
(89, 76),
(90, 31),
(90, 44),
(90, 57),
(91, 38),
(91, 51),
(91, 64),
(91, 77),
(92, 45),
(92, 58),
(92, 71),
(92, 84),
(92, 97),
(93, 52),
(93, 65),
(93, 78),
(94, 59),
(94, 72),
(94, 85),
(94, 98),
(95, 66),
(95, 79),
(95, 92),
(95, 105),
(95, 118),
(96, 73),
(96, 86),
(96, 99),
(97, 80),
(97, 93),
(97, 106),
(97, 119),
(98, 87),
(98, 100),
(98, 113),
(98, 126),
(98, 139),
(99, 94),
(99, 107),
(99, 120),
(100, 101),
(100, 114),
(100, 127),
(100, 140),
(101, 108),
(101, 121),
(101, 134),
(101, 147),
(101, 160),
(102, 115),
(102, 128),
(102, 141),
(103, 122),
(103, 135),
(103, 148),
(103, 161),
(104, 129),
(104, 142),
(104, 155),
(104, 168),
(104, 181),
(105, 136),
(105, 149),
(105, 162),
(106, 143),
(106, 156),
(106, 169),
(106, 182),
(107, 150),
(107, 163),
(107, 176),
(107, 189),
(107, 202),
(108, 157),
(108, 170),
(108, 183),
(109, 164),
(109, 177),
(109, 190),
(109, 203),
(110, 171),
(110, 184),
(110, 197),
(110, 210),
(110, 223),
(111, 178),
(111, 191),
(111, 204),
(112, 185),
(112, 198),
(112, 211),
(112, 224),
(113, 192),
(113, 205),
(113, 218),
(113, 231),
(113, 244),
(114, 199),
(114, 212),
(114, 225),
(115, 206),
(115, 219),
(115, 232),
(115, 245),
(116, 213),
(116, 226),
(116, 239),
(116, 252),
(116, 265),
(117, 220),
(117, 233),
(117, 246),
(118, 227),
(118, 240),
(118, 253),
(118, 266),
(119, 234),
(119, 247),
(119, 260),
(119, 273),
(119, 286),
(120, 241),
(120, 254),
(120, 267),
(121, 248),
(121, 261),
(121, 274),
(121, 287),
(122, 255),
(122, 268),
(122, 281),
(122, 294),
(122, 307),
(123, 262),
(123, 275),
(123, 288),
(124, 269),
(124, 282),
(124, 295),
(124, 308),
(125, 276),
(125, 289),
(125, 302),
(125, 315),
(125, 328),
(126, 283),
(126, 296),
(126, 309),
(127, 290),
(127, 303),
(127, 316),
(127, 329),
(128, 297),
(128, 310),
(128, 323),
(128, 336),
(128, 349),
(129, 304),
(129, 317),
(129, 330),
(130, 311),
(130, 324),
(130, 337),
(130, 350),
(131, 318),
(131, 331),
(131, 344),
(131, 357),
(131, 370),
(132, 325),
(132, 338),
(132, 351),
(133, 332),
(133, 345),
(133, 358),
(133, 371),
(134, 339),
(134, 352),
(134, 365),
(134, 378),
(134, 391),
(135, 346),
(135, 359),
(135, 372),
(136, 353),
(136, 366),
(136, 379),
(136, 392),
(137, 360),
(137, 373),
(137, 386),
(137, 399),
(137, 412),
(138, 367),
(138, 380),
(138, 393),
(139, 374),
(139, 387),
(139, 400),
(139, 413),
(140, 381),
(140, 394),
(140, 407),
(140, 420),
(140, 433),
(141, 388),
(141, 401),
(141, 414),
(142, 395),
(142, 408),
(142, 421),
(142, 434),
(143, 402),
(143, 415),
(143, 428),
(143, 441),
(143, 454),
(144, 409),
(144, 422),
(144, 435),
(145, 416),
(145, 429),
(145, 442),
(145, 455),
(146, 423),
(146, 436),
(146, 449),
(146, 462),
(146, 475),
(147, 430),
(147, 443),
(147, 456),
(148, 437),
(148, 450),
(148, 463),
(148, 476),
(149, 444),
(149, 457),
(149, 470),
(149, 483),
(149, 496),
(150, 451),
(150, 464),
(150, 477),
(151, 458),
(151, 471),
(151, 484),
(151, 497),
(152, 465),
(152, 478),
(152, 491),
(152, 504),
(152, 517),
(153, 472),
(153, 485),
(153, 498),
(154, 479),
(154, 492),
(154, 505),
(154, 518),
(155, 486),
(155, 499),
(155, 512),
(155, 525),
(155, 538),
(156, 493),
(156, 506),
(156, 519),
(157, 500),
(157, 513),
(157, 526),
(157, 539),
(158, 507),
(158, 520),
(158, 533),
(158, 546),
(158, 559),
(159, 514),
(159, 527),
(159, 540),
(160, 521),
(160, 534),
(160, 547),
(160, 560),
(161, 528),
(161, 541),
(161, 554),
(161, 567),
(161, 580),
(162, 535),
(162, 548),
(162, 561),
(163, 542),
(163, 555),
(163, 568),
(163, 581),
(164, 549),
(164, 562),
(164, 575),
(164, 588),
(164, 1),
(165, 556),
(165, 569),
(165, 582),
(166, 563),
(166, 576),
(166, 589),
(166, 2),
(167, 570),
(167, 583),
(167, 596),
(167, 9),
(167, 22),
(168, 577),
(168, 590),
(168, 3),
(169, 584),
(169, 597),
(169, 10),
(169, 23),
(170, 591),
(170, 4),
(170, 17),
(170, 30),
(170, 43),
(171, 598),
(171, 11),
(171, 24),
(172, 5),
(172, 18),
(172, 31),
(172, 44),
(173, 12),
(173, 25),
(173, 38),
(173, 51),
(173, 64),
(174, 19),
(174, 32),
(174, 45),
(175, 26),
(175, 39),
(175, 52),
(175, 65),
(176, 33),
(176, 46),
(176, 59),
(176, 72),
(176, 85),
(177, 40),
(177, 53),
(177, 66),
(178, 47),
(178, 60),
(178, 73),
(178, 86),
(179, 54),
(179, 67),
(179, 80),
(179, 93),
(179, 106),
(180, 61),
(180, 74),
(180, 87),
(181, 68),
(181, 81),
(181, 94),
(181, 107),
(182, 75),
(182, 88),
(182, 101),
(182, 114),
(182, 127),
(183, 82),
(183, 95),
(183, 108),
(184, 89),
(184, 102),
(184, 115),
(184, 128),
(185, 96),
(185, 109),
(185, 122),
(185, 135),
(185, 148),
(186, 103),
(186, 116),
(186, 129),
(187, 110),
(187, 123),
(187, 136),
(187, 149),
(188, 117),
(188, 130),
(188, 143),
(188, 156),
(188, 169),
(189, 124),
(189, 137),
(189, 150),
(190, 131),
(190, 144),
(190, 157),
(190, 170),
(191, 138),
(191, 151),
(191, 164),
(191, 177),
(191, 190),
(192, 145),
(192, 158),
(192, 171),
(193, 152),
(193, 165),
(193, 178),
(193, 191),
(194, 159),
(194, 172),
(194, 185),
(194, 198),
(194, 211),
(195, 166),
(195, 179),
(195, 192),
(196, 173),
(196, 186),
(196, 199),
(196, 212),
(197, 180),
(197, 193),
(197, 206),
(197, 219),
(197, 232),
(198, 187),
(198, 200),
(198, 213),
(199, 194),
(199, 207),
(199, 220),
(199, 233),
(200, 201),
(200, 214),
(200, 227),
(200, 240),
(200, 253),
(201, 208),
(201, 221),
(201, 234),
(202, 215),
(202, 228),
(202, 241),
(202, 254),
(203, 222),
(203, 235),
(203, 248),
(203, 261),
(203, 274),
(204, 229),
(204, 242),
(204, 255),
(205, 236),
(205, 249),
(205, 262),
(205, 275),
(206, 243),
(206, 256),
(206, 269),
(206, 282),
(206, 295),
(207, 250),
(207, 263),
(207, 276),
(208, 257),
(208, 270),
(208, 283),
(208, 296),
(209, 264),
(209, 277),
(209, 290),
(209, 303),
(209, 316),
(210, 271),
(210, 284),
(210, 297);

INSERT INTO Features (feature_id, feature_name, description) VALUES
(1, 'API Access_1', 'Feature: API Access'),
(2, 'Browser Extension_2', 'Feature: Browser Extension'),
(3, 'Mobile App_3', 'Feature: Mobile App'),
(4, 'Cloud Storage_4', 'Feature: Cloud Storage'),
(5, 'Real-time_5', 'Feature: Real-time'),
(6, 'Offline Mode_6', 'Feature: Offline Mode'),
(7, 'Custom Training_7', 'Feature: Custom Training'),
(8, 'Multi-language_8', 'Feature: Multi-language'),
(9, 'Version Control_9', 'Feature: Version Control'),
(10, 'Export Options_10', 'Feature: Export Options'),
(11, 'Analytics_11', 'Feature: Analytics'),
(12, 'Integrations_12', 'Feature: Integrations'),
(13, 'Webhooks_13', 'Feature: Webhooks'),
(14, 'SSO Auth_14', 'Feature: SSO Auth'),
(15, 'White Label_15', 'Feature: White Label'),
(16, 'Batch Processing_16', 'Feature: Batch Processing'),
(17, 'Data Privacy_17', 'Feature: Data Privacy'),
(18, 'GDPR_18', 'Feature: GDPR'),
(19, 'HIPAA_19', 'Feature: HIPAA'),
(20, 'Free Trial_20', 'Feature: Free Trial'),
(21, 'API Access_21', 'Feature: API Access'),
(22, 'Browser Extension_22', 'Feature: Browser Extension'),
(23, 'Mobile App_23', 'Feature: Mobile App'),
(24, 'Cloud Storage_24', 'Feature: Cloud Storage'),
(25, 'Real-time_25', 'Feature: Real-time'),
(26, 'Offline Mode_26', 'Feature: Offline Mode'),
(27, 'Custom Training_27', 'Feature: Custom Training'),
(28, 'Multi-language_28', 'Feature: Multi-language'),
(29, 'Version Control_29', 'Feature: Version Control'),
(30, 'Export Options_30', 'Feature: Export Options'),
(31, 'Analytics_31', 'Feature: Analytics'),
(32, 'Integrations_32', 'Feature: Integrations'),
(33, 'Webhooks_33', 'Feature: Webhooks'),
(34, 'SSO Auth_34', 'Feature: SSO Auth'),
(35, 'White Label_35', 'Feature: White Label'),
(36, 'Batch Processing_36', 'Feature: Batch Processing'),
(37, 'Data Privacy_37', 'Feature: Data Privacy'),
(38, 'GDPR_38', 'Feature: GDPR'),
(39, 'HIPAA_39', 'Feature: HIPAA'),
(40, 'Free Trial_40', 'Feature: Free Trial'),
(41, 'API Access_41', 'Feature: API Access'),
(42, 'Browser Extension_42', 'Feature: Browser Extension'),
(43, 'Mobile App_43', 'Feature: Mobile App'),
(44, 'Cloud Storage_44', 'Feature: Cloud Storage'),
(45, 'Real-time_45', 'Feature: Real-time'),
(46, 'Offline Mode_46', 'Feature: Offline Mode'),
(47, 'Custom Training_47', 'Feature: Custom Training'),
(48, 'Multi-language_48', 'Feature: Multi-language'),
(49, 'Version Control_49', 'Feature: Version Control'),
(50, 'Export Options_50', 'Feature: Export Options'),
(51, 'Analytics_51', 'Feature: Analytics'),
(52, 'Integrations_52', 'Feature: Integrations'),
(53, 'Webhooks_53', 'Feature: Webhooks'),
(54, 'SSO Auth_54', 'Feature: SSO Auth'),
(55, 'White Label_55', 'Feature: White Label'),
(56, 'Batch Processing_56', 'Feature: Batch Processing'),
(57, 'Data Privacy_57', 'Feature: Data Privacy'),
(58, 'GDPR_58', 'Feature: GDPR'),
(59, 'HIPAA_59', 'Feature: HIPAA'),
(60, 'Free Trial_60', 'Feature: Free Trial'),
(61, 'API Access_61', 'Feature: API Access'),
(62, 'Browser Extension_62', 'Feature: Browser Extension'),
(63, 'Mobile App_63', 'Feature: Mobile App'),
(64, 'Cloud Storage_64', 'Feature: Cloud Storage'),
(65, 'Real-time_65', 'Feature: Real-time'),
(66, 'Offline Mode_66', 'Feature: Offline Mode'),
(67, 'Custom Training_67', 'Feature: Custom Training'),
(68, 'Multi-language_68', 'Feature: Multi-language'),
(69, 'Version Control_69', 'Feature: Version Control'),
(70, 'Export Options_70', 'Feature: Export Options'),
(71, 'Analytics_71', 'Feature: Analytics'),
(72, 'Integrations_72', 'Feature: Integrations'),
(73, 'Webhooks_73', 'Feature: Webhooks'),
(74, 'SSO Auth_74', 'Feature: SSO Auth'),
(75, 'White Label_75', 'Feature: White Label'),
(76, 'Batch Processing_76', 'Feature: Batch Processing'),
(77, 'Data Privacy_77', 'Feature: Data Privacy'),
(78, 'GDPR_78', 'Feature: GDPR'),
(79, 'HIPAA_79', 'Feature: HIPAA'),
(80, 'Free Trial_80', 'Feature: Free Trial'),
(81, 'API Access_81', 'Feature: API Access'),
(82, 'Browser Extension_82', 'Feature: Browser Extension'),
(83, 'Mobile App_83', 'Feature: Mobile App'),
(84, 'Cloud Storage_84', 'Feature: Cloud Storage'),
(85, 'Real-time_85', 'Feature: Real-time'),
(86, 'Offline Mode_86', 'Feature: Offline Mode'),
(87, 'Custom Training_87', 'Feature: Custom Training'),
(88, 'Multi-language_88', 'Feature: Multi-language'),
(89, 'Version Control_89', 'Feature: Version Control'),
(90, 'Export Options_90', 'Feature: Export Options'),
(91, 'Analytics_91', 'Feature: Analytics'),
(92, 'Integrations_92', 'Feature: Integrations'),
(93, 'Webhooks_93', 'Feature: Webhooks'),
(94, 'SSO Auth_94', 'Feature: SSO Auth'),
(95, 'White Label_95', 'Feature: White Label'),
(96, 'Batch Processing_96', 'Feature: Batch Processing'),
(97, 'Data Privacy_97', 'Feature: Data Privacy'),
(98, 'GDPR_98', 'Feature: GDPR'),
(99, 'HIPAA_99', 'Feature: HIPAA'),
(100, 'Free Trial_100', 'Feature: Free Trial'),
(101, 'API Access_101', 'Feature: API Access'),
(102, 'Browser Extension_102', 'Feature: Browser Extension'),
(103, 'Mobile App_103', 'Feature: Mobile App'),
(104, 'Cloud Storage_104', 'Feature: Cloud Storage'),
(105, 'Real-time_105', 'Feature: Real-time'),
(106, 'Offline Mode_106', 'Feature: Offline Mode'),
(107, 'Custom Training_107', 'Feature: Custom Training'),
(108, 'Multi-language_108', 'Feature: Multi-language'),
(109, 'Version Control_109', 'Feature: Version Control'),
(110, 'Export Options_110', 'Feature: Export Options'),
(111, 'Analytics_111', 'Feature: Analytics'),
(112, 'Integrations_112', 'Feature: Integrations'),
(113, 'Webhooks_113', 'Feature: Webhooks'),
(114, 'SSO Auth_114', 'Feature: SSO Auth'),
(115, 'White Label_115', 'Feature: White Label'),
(116, 'Batch Processing_116', 'Feature: Batch Processing'),
(117, 'Data Privacy_117', 'Feature: Data Privacy'),
(118, 'GDPR_118', 'Feature: GDPR'),
(119, 'HIPAA_119', 'Feature: HIPAA'),
(120, 'Free Trial_120', 'Feature: Free Trial'),
(121, 'API Access_121', 'Feature: API Access'),
(122, 'Browser Extension_122', 'Feature: Browser Extension'),
(123, 'Mobile App_123', 'Feature: Mobile App'),
(124, 'Cloud Storage_124', 'Feature: Cloud Storage'),
(125, 'Real-time_125', 'Feature: Real-time'),
(126, 'Offline Mode_126', 'Feature: Offline Mode'),
(127, 'Custom Training_127', 'Feature: Custom Training'),
(128, 'Multi-language_128', 'Feature: Multi-language'),
(129, 'Version Control_129', 'Feature: Version Control'),
(130, 'Export Options_130', 'Feature: Export Options'),
(131, 'Analytics_131', 'Feature: Analytics'),
(132, 'Integrations_132', 'Feature: Integrations'),
(133, 'Webhooks_133', 'Feature: Webhooks'),
(134, 'SSO Auth_134', 'Feature: SSO Auth'),
(135, 'White Label_135', 'Feature: White Label'),
(136, 'Batch Processing_136', 'Feature: Batch Processing'),
(137, 'Data Privacy_137', 'Feature: Data Privacy'),
(138, 'GDPR_138', 'Feature: GDPR'),
(139, 'HIPAA_139', 'Feature: HIPAA'),
(140, 'Free Trial_140', 'Feature: Free Trial'),
(141, 'API Access_141', 'Feature: API Access'),
(142, 'Browser Extension_142', 'Feature: Browser Extension'),
(143, 'Mobile App_143', 'Feature: Mobile App'),
(144, 'Cloud Storage_144', 'Feature: Cloud Storage'),
(145, 'Real-time_145', 'Feature: Real-time'),
(146, 'Offline Mode_146', 'Feature: Offline Mode'),
(147, 'Custom Training_147', 'Feature: Custom Training'),
(148, 'Multi-language_148', 'Feature: Multi-language'),
(149, 'Version Control_149', 'Feature: Version Control'),
(150, 'Export Options_150', 'Feature: Export Options'),
(151, 'Analytics_151', 'Feature: Analytics'),
(152, 'Integrations_152', 'Feature: Integrations'),
(153, 'Webhooks_153', 'Feature: Webhooks'),
(154, 'SSO Auth_154', 'Feature: SSO Auth'),
(155, 'White Label_155', 'Feature: White Label'),
(156, 'Batch Processing_156', 'Feature: Batch Processing'),
(157, 'Data Privacy_157', 'Feature: Data Privacy'),
(158, 'GDPR_158', 'Feature: GDPR'),
(159, 'HIPAA_159', 'Feature: HIPAA'),
(160, 'Free Trial_160', 'Feature: Free Trial'),
(161, 'API Access_161', 'Feature: API Access'),
(162, 'Browser Extension_162', 'Feature: Browser Extension'),
(163, 'Mobile App_163', 'Feature: Mobile App'),
(164, 'Cloud Storage_164', 'Feature: Cloud Storage'),
(165, 'Real-time_165', 'Feature: Real-time'),
(166, 'Offline Mode_166', 'Feature: Offline Mode'),
(167, 'Custom Training_167', 'Feature: Custom Training'),
(168, 'Multi-language_168', 'Feature: Multi-language'),
(169, 'Version Control_169', 'Feature: Version Control'),
(170, 'Export Options_170', 'Feature: Export Options'),
(171, 'Analytics_171', 'Feature: Analytics'),
(172, 'Integrations_172', 'Feature: Integrations'),
(173, 'Webhooks_173', 'Feature: Webhooks'),
(174, 'SSO Auth_174', 'Feature: SSO Auth'),
(175, 'White Label_175', 'Feature: White Label'),
(176, 'Batch Processing_176', 'Feature: Batch Processing'),
(177, 'Data Privacy_177', 'Feature: Data Privacy'),
(178, 'GDPR_178', 'Feature: GDPR'),
(179, 'HIPAA_179', 'Feature: HIPAA'),
(180, 'Free Trial_180', 'Feature: Free Trial'),
(181, 'API Access_181', 'Feature: API Access'),
(182, 'Browser Extension_182', 'Feature: Browser Extension'),
(183, 'Mobile App_183', 'Feature: Mobile App'),
(184, 'Cloud Storage_184', 'Feature: Cloud Storage'),
(185, 'Real-time_185', 'Feature: Real-time'),
(186, 'Offline Mode_186', 'Feature: Offline Mode'),
(187, 'Custom Training_187', 'Feature: Custom Training'),
(188, 'Multi-language_188', 'Feature: Multi-language'),
(189, 'Version Control_189', 'Feature: Version Control'),
(190, 'Export Options_190', 'Feature: Export Options'),
(191, 'Analytics_191', 'Feature: Analytics'),
(192, 'Integrations_192', 'Feature: Integrations'),
(193, 'Webhooks_193', 'Feature: Webhooks'),
(194, 'SSO Auth_194', 'Feature: SSO Auth'),
(195, 'White Label_195', 'Feature: White Label'),
(196, 'Batch Processing_196', 'Feature: Batch Processing'),
(197, 'Data Privacy_197', 'Feature: Data Privacy'),
(198, 'GDPR_198', 'Feature: GDPR'),
(199, 'HIPAA_199', 'Feature: HIPAA'),
(200, 'Free Trial_200', 'Feature: Free Trial'),
(201, 'API Access_201', 'Feature: API Access'),
(202, 'Browser Extension_202', 'Feature: Browser Extension'),
(203, 'Mobile App_203', 'Feature: Mobile App'),
(204, 'Cloud Storage_204', 'Feature: Cloud Storage'),
(205, 'Real-time_205', 'Feature: Real-time'),
(206, 'Offline Mode_206', 'Feature: Offline Mode'),
(207, 'Custom Training_207', 'Feature: Custom Training'),
(208, 'Multi-language_208', 'Feature: Multi-language'),
(209, 'Version Control_209', 'Feature: Version Control'),
(210, 'Export Options_210', 'Feature: Export Options'),
(211, 'Analytics_211', 'Feature: Analytics'),
(212, 'Integrations_212', 'Feature: Integrations'),
(213, 'Webhooks_213', 'Feature: Webhooks'),
(214, 'SSO Auth_214', 'Feature: SSO Auth'),
(215, 'White Label_215', 'Feature: White Label'),
(216, 'Batch Processing_216', 'Feature: Batch Processing'),
(217, 'Data Privacy_217', 'Feature: Data Privacy'),
(218, 'GDPR_218', 'Feature: GDPR'),
(219, 'HIPAA_219', 'Feature: HIPAA'),
(220, 'Free Trial_220', 'Feature: Free Trial'),
(221, 'API Access_221', 'Feature: API Access'),
(222, 'Browser Extension_222', 'Feature: Browser Extension'),
(223, 'Mobile App_223', 'Feature: Mobile App'),
(224, 'Cloud Storage_224', 'Feature: Cloud Storage'),
(225, 'Real-time_225', 'Feature: Real-time'),
(226, 'Offline Mode_226', 'Feature: Offline Mode'),
(227, 'Custom Training_227', 'Feature: Custom Training'),
(228, 'Multi-language_228', 'Feature: Multi-language'),
(229, 'Version Control_229', 'Feature: Version Control'),
(230, 'Export Options_230', 'Feature: Export Options'),
(231, 'Analytics_231', 'Feature: Analytics'),
(232, 'Integrations_232', 'Feature: Integrations'),
(233, 'Webhooks_233', 'Feature: Webhooks'),
(234, 'SSO Auth_234', 'Feature: SSO Auth'),
(235, 'White Label_235', 'Feature: White Label'),
(236, 'Batch Processing_236', 'Feature: Batch Processing'),
(237, 'Data Privacy_237', 'Feature: Data Privacy'),
(238, 'GDPR_238', 'Feature: GDPR'),
(239, 'HIPAA_239', 'Feature: HIPAA'),
(240, 'Free Trial_240', 'Feature: Free Trial');
INSERT INTO Tools (tool_id, tool_name, provider_id, description, website_url, release_date, base_model, is_open_source) VALUES
(1, 'Tool_Tool_1', 1, 'Advanced AI solution for enterprise - Tool 1', 'https://tool1.example.com', '2023-01-01', 'GPT-4', TRUE),
(2, 'Smart_Tool_2', 2, 'Advanced AI solution for enterprise - Tool 2', 'https://tool2.example.com', '2024-02-02', 'GPT-3.5', TRUE),
(3, 'AI_Tool_3', 3, 'Advanced AI solution for enterprise - Tool 3', 'https://tool3.example.com', '2025-03-03', 'BERT', FALSE),
(4, 'Auto_Tool_4', 4, 'Advanced AI solution for enterprise - Tool 4', 'https://tool4.example.com', '2023-04-04', 'Claude', FALSE),
(5, 'Intellect_Tool_5', 5, 'Advanced AI solution for enterprise - Tool 5', 'https://tool5.example.com', '2024-05-05', 'Custom', FALSE),
(6, 'Quantum_Tool_6', 6, 'Advanced AI solution for enterprise - Tool 6', 'https://tool6.example.com', '2025-06-06', 'Proprietary', FALSE),
(7, 'Neural_Tool_7', 7, 'Advanced AI solution for enterprise - Tool 7', 'https://tool7.example.com', '2023-07-07', 'TensorFlow', FALSE),
(8, 'Cyber_Tool_8', 8, 'Advanced AI solution for enterprise - Tool 8', 'https://tool8.example.com', '2024-08-08', 'PyTorch', FALSE),
(9, 'Data_Tool_9', 9, 'Advanced AI solution for enterprise - Tool 9', 'https://tool9.example.com', '2025-09-09', 'Llama', FALSE),
(10, 'Cloud_Tool_10', 10, 'Advanced AI solution for enterprise - Tool 10', 'https://tool10.example.com', '2023-10-10', 'Gemini', TRUE),
(11, 'Tool_Tool_11', 11, 'Advanced AI solution for enterprise - Tool 11', 'https://tool11.example.com', '2024-11-11', 'GPT-4', TRUE),
(12, 'Smart_Tool_12', 12, 'Advanced AI solution for enterprise - Tool 12', 'https://tool12.example.com', '2025-12-12', 'GPT-3.5', TRUE),
(13, 'AI_Tool_13', 13, 'Advanced AI solution for enterprise - Tool 13', 'https://tool13.example.com', '2023-01-13', 'BERT', FALSE),
(14, 'Auto_Tool_14', 14, 'Advanced AI solution for enterprise - Tool 14', 'https://tool14.example.com', '2024-02-14', 'Claude', FALSE),
(15, 'Intellect_Tool_15', 15, 'Advanced AI solution for enterprise - Tool 15', 'https://tool15.example.com', '2025-03-15', 'Custom', FALSE),
(16, 'Quantum_Tool_16', 16, 'Advanced AI solution for enterprise - Tool 16', 'https://tool16.example.com', '2023-04-16', 'Proprietary', FALSE),
(17, 'Neural_Tool_17', 17, 'Advanced AI solution for enterprise - Tool 17', 'https://tool17.example.com', '2024-05-17', 'TensorFlow', FALSE),
(18, 'Cyber_Tool_18', 18, 'Advanced AI solution for enterprise - Tool 18', 'https://tool18.example.com', '2025-06-18', 'PyTorch', FALSE),
(19, 'Data_Tool_19', 19, 'Advanced AI solution for enterprise - Tool 19', 'https://tool19.example.com', '2023-07-19', 'Llama', FALSE),
(20, 'Cloud_Tool_20', 20, 'Advanced AI solution for enterprise - Tool 20', 'https://tool20.example.com', '2024-08-20', 'Gemini', TRUE),
(21, 'Tool_Tool_21', 21, 'Advanced AI solution for enterprise - Tool 21', 'https://tool21.example.com', '2025-09-21', 'GPT-4', TRUE),
(22, 'Smart_Tool_22', 22, 'Advanced AI solution for enterprise - Tool 22', 'https://tool22.example.com', '2023-10-22', 'GPT-3.5', TRUE),
(23, 'AI_Tool_23', 23, 'Advanced AI solution for enterprise - Tool 23', 'https://tool23.example.com', '2024-11-23', 'BERT', FALSE),
(24, 'Auto_Tool_24', 24, 'Advanced AI solution for enterprise - Tool 24', 'https://tool24.example.com', '2025-12-24', 'Claude', FALSE),
(25, 'Intellect_Tool_25', 25, 'Advanced AI solution for enterprise - Tool 25', 'https://tool25.example.com', '2023-01-25', 'Custom', FALSE),
(26, 'Quantum_Tool_26', 26, 'Advanced AI solution for enterprise - Tool 26', 'https://tool26.example.com', '2024-02-26', 'Proprietary', FALSE),
(27, 'Neural_Tool_27', 27, 'Advanced AI solution for enterprise - Tool 27', 'https://tool27.example.com', '2025-03-27', 'TensorFlow', FALSE),
(28, 'Cyber_Tool_28', 28, 'Advanced AI solution for enterprise - Tool 28', 'https://tool28.example.com', '2023-04-28', 'PyTorch', FALSE),
(29, 'Data_Tool_29', 29, 'Advanced AI solution for enterprise - Tool 29', 'https://tool29.example.com', '2024-05-01', 'Llama', FALSE),
(30, 'Cloud_Tool_30', 30, 'Advanced AI solution for enterprise - Tool 30', 'https://tool30.example.com', '2025-06-02', 'Gemini', TRUE),
(31, 'Tool_Tool_31', 31, 'Advanced AI solution for enterprise - Tool 31', 'https://tool31.example.com', '2023-07-03', 'GPT-4', TRUE),
(32, 'Smart_Tool_32', 32, 'Advanced AI solution for enterprise - Tool 32', 'https://tool32.example.com', '2024-08-04', 'GPT-3.5', TRUE),
(33, 'AI_Tool_33', 33, 'Advanced AI solution for enterprise - Tool 33', 'https://tool33.example.com', '2025-09-05', 'BERT', FALSE),
(34, 'Auto_Tool_34', 34, 'Advanced AI solution for enterprise - Tool 34', 'https://tool34.example.com', '2023-10-06', 'Claude', FALSE),
(35, 'Intellect_Tool_35', 35, 'Advanced AI solution for enterprise - Tool 35', 'https://tool35.example.com', '2024-11-07', 'Custom', FALSE),
(36, 'Quantum_Tool_36', 36, 'Advanced AI solution for enterprise - Tool 36', 'https://tool36.example.com', '2025-12-08', 'Proprietary', FALSE),
(37, 'Neural_Tool_37', 37, 'Advanced AI solution for enterprise - Tool 37', 'https://tool37.example.com', '2023-01-09', 'TensorFlow', FALSE),
(38, 'Cyber_Tool_38', 38, 'Advanced AI solution for enterprise - Tool 38', 'https://tool38.example.com', '2024-02-10', 'PyTorch', FALSE),
(39, 'Data_Tool_39', 39, 'Advanced AI solution for enterprise - Tool 39', 'https://tool39.example.com', '2025-03-11', 'Llama', FALSE),
(40, 'Cloud_Tool_40', 40, 'Advanced AI solution for enterprise - Tool 40', 'https://tool40.example.com', '2023-04-12', 'Gemini', TRUE),
(41, 'Tool_Tool_41', 41, 'Advanced AI solution for enterprise - Tool 41', 'https://tool41.example.com', '2024-05-13', 'GPT-4', TRUE),
(42, 'Smart_Tool_42', 42, 'Advanced AI solution for enterprise - Tool 42', 'https://tool42.example.com', '2025-06-14', 'GPT-3.5', TRUE),
(43, 'AI_Tool_43', 43, 'Advanced AI solution for enterprise - Tool 43', 'https://tool43.example.com', '2023-07-15', 'BERT', FALSE),
(44, 'Auto_Tool_44', 44, 'Advanced AI solution for enterprise - Tool 44', 'https://tool44.example.com', '2024-08-16', 'Claude', FALSE),
(45, 'Intellect_Tool_45', 45, 'Advanced AI solution for enterprise - Tool 45', 'https://tool45.example.com', '2025-09-17', 'Custom', FALSE),
(46, 'Quantum_Tool_46', 46, 'Advanced AI solution for enterprise - Tool 46', 'https://tool46.example.com', '2023-10-18', 'Proprietary', FALSE),
(47, 'Neural_Tool_47', 47, 'Advanced AI solution for enterprise - Tool 47', 'https://tool47.example.com', '2024-11-19', 'TensorFlow', FALSE),
(48, 'Cyber_Tool_48', 48, 'Advanced AI solution for enterprise - Tool 48', 'https://tool48.example.com', '2025-12-20', 'PyTorch', FALSE),
(49, 'Data_Tool_49', 49, 'Advanced AI solution for enterprise - Tool 49', 'https://tool49.example.com', '2023-01-21', 'Llama', FALSE),
(50, 'Cloud_Tool_50', 50, 'Advanced AI solution for enterprise - Tool 50', 'https://tool50.example.com', '2024-02-22', 'Gemini', TRUE),
(51, 'Tool_Tool_51', 51, 'Advanced AI solution for enterprise - Tool 51', 'https://tool51.example.com', '2025-03-23', 'GPT-4', TRUE),
(52, 'Smart_Tool_52', 52, 'Advanced AI solution for enterprise - Tool 52', 'https://tool52.example.com', '2023-04-24', 'GPT-3.5', TRUE),
(53, 'AI_Tool_53', 53, 'Advanced AI solution for enterprise - Tool 53', 'https://tool53.example.com', '2024-05-25', 'BERT', FALSE),
(54, 'Auto_Tool_54', 54, 'Advanced AI solution for enterprise - Tool 54', 'https://tool54.example.com', '2025-06-26', 'Claude', FALSE),
(55, 'Intellect_Tool_55', 55, 'Advanced AI solution for enterprise - Tool 55', 'https://tool55.example.com', '2023-07-27', 'Custom', FALSE),
(56, 'Quantum_Tool_56', 56, 'Advanced AI solution for enterprise - Tool 56', 'https://tool56.example.com', '2024-08-28', 'Proprietary', FALSE),
(57, 'Neural_Tool_57', 57, 'Advanced AI solution for enterprise - Tool 57', 'https://tool57.example.com', '2025-09-01', 'TensorFlow', FALSE),
(58, 'Cyber_Tool_58', 58, 'Advanced AI solution for enterprise - Tool 58', 'https://tool58.example.com', '2023-10-02', 'PyTorch', FALSE),
(59, 'Data_Tool_59', 59, 'Advanced AI solution for enterprise - Tool 59', 'https://tool59.example.com', '2024-11-03', 'Llama', FALSE),
(60, 'Cloud_Tool_60', 60, 'Advanced AI solution for enterprise - Tool 60', 'https://tool60.example.com', '2025-12-04', 'Gemini', TRUE),
(61, 'Tool_Tool_61', 61, 'Advanced AI solution for enterprise - Tool 61', 'https://tool61.example.com', '2023-01-05', 'GPT-4', TRUE),
(62, 'Smart_Tool_62', 62, 'Advanced AI solution for enterprise - Tool 62', 'https://tool62.example.com', '2024-02-06', 'GPT-3.5', TRUE),
(63, 'AI_Tool_63', 63, 'Advanced AI solution for enterprise - Tool 63', 'https://tool63.example.com', '2025-03-07', 'BERT', FALSE),
(64, 'Auto_Tool_64', 64, 'Advanced AI solution for enterprise - Tool 64', 'https://tool64.example.com', '2023-04-08', 'Claude', FALSE),
(65, 'Intellect_Tool_65', 65, 'Advanced AI solution for enterprise - Tool 65', 'https://tool65.example.com', '2024-05-09', 'Custom', FALSE),
(66, 'Quantum_Tool_66', 66, 'Advanced AI solution for enterprise - Tool 66', 'https://tool66.example.com', '2025-06-10', 'Proprietary', FALSE),
(67, 'Neural_Tool_67', 67, 'Advanced AI solution for enterprise - Tool 67', 'https://tool67.example.com', '2023-07-11', 'TensorFlow', FALSE),
(68, 'Cyber_Tool_68', 68, 'Advanced AI solution for enterprise - Tool 68', 'https://tool68.example.com', '2024-08-12', 'PyTorch', FALSE),
(69, 'Data_Tool_69', 69, 'Advanced AI solution for enterprise - Tool 69', 'https://tool69.example.com', '2025-09-13', 'Llama', FALSE),
(70, 'Cloud_Tool_70', 70, 'Advanced AI solution for enterprise - Tool 70', 'https://tool70.example.com', '2023-10-14', 'Gemini', TRUE),
(71, 'Tool_Tool_71', 71, 'Advanced AI solution for enterprise - Tool 71', 'https://tool71.example.com', '2024-11-15', 'GPT-4', TRUE),
(72, 'Smart_Tool_72', 72, 'Advanced AI solution for enterprise - Tool 72', 'https://tool72.example.com', '2025-12-16', 'GPT-3.5', TRUE),
(73, 'AI_Tool_73', 73, 'Advanced AI solution for enterprise - Tool 73', 'https://tool73.example.com', '2023-01-17', 'BERT', FALSE),
(74, 'Auto_Tool_74', 74, 'Advanced AI solution for enterprise - Tool 74', 'https://tool74.example.com', '2024-02-18', 'Claude', FALSE),
(75, 'Intellect_Tool_75', 75, 'Advanced AI solution for enterprise - Tool 75', 'https://tool75.example.com', '2025-03-19', 'Custom', FALSE),
(76, 'Quantum_Tool_76', 76, 'Advanced AI solution for enterprise - Tool 76', 'https://tool76.example.com', '2023-04-20', 'Proprietary', FALSE),
(77, 'Neural_Tool_77', 77, 'Advanced AI solution for enterprise - Tool 77', 'https://tool77.example.com', '2024-05-21', 'TensorFlow', FALSE),
(78, 'Cyber_Tool_78', 78, 'Advanced AI solution for enterprise - Tool 78', 'https://tool78.example.com', '2025-06-22', 'PyTorch', FALSE),
(79, 'Data_Tool_79', 79, 'Advanced AI solution for enterprise - Tool 79', 'https://tool79.example.com', '2023-07-23', 'Llama', FALSE),
(80, 'Cloud_Tool_80', 80, 'Advanced AI solution for enterprise - Tool 80', 'https://tool80.example.com', '2024-08-24', 'Gemini', TRUE),
(81, 'Tool_Tool_81', 81, 'Advanced AI solution for enterprise - Tool 81', 'https://tool81.example.com', '2025-09-25', 'GPT-4', TRUE),
(82, 'Smart_Tool_82', 82, 'Advanced AI solution for enterprise - Tool 82', 'https://tool82.example.com', '2023-10-26', 'GPT-3.5', TRUE),
(83, 'AI_Tool_83', 83, 'Advanced AI solution for enterprise - Tool 83', 'https://tool83.example.com', '2024-11-27', 'BERT', FALSE),
(84, 'Auto_Tool_84', 84, 'Advanced AI solution for enterprise - Tool 84', 'https://tool84.example.com', '2025-12-28', 'Claude', FALSE),
(85, 'Intellect_Tool_85', 85, 'Advanced AI solution for enterprise - Tool 85', 'https://tool85.example.com', '2023-01-01', 'Custom', FALSE),
(86, 'Quantum_Tool_86', 86, 'Advanced AI solution for enterprise - Tool 86', 'https://tool86.example.com', '2024-02-02', 'Proprietary', FALSE),
(87, 'Neural_Tool_87', 87, 'Advanced AI solution for enterprise - Tool 87', 'https://tool87.example.com', '2025-03-03', 'TensorFlow', FALSE),
(88, 'Cyber_Tool_88', 88, 'Advanced AI solution for enterprise - Tool 88', 'https://tool88.example.com', '2023-04-04', 'PyTorch', FALSE),
(89, 'Data_Tool_89', 89, 'Advanced AI solution for enterprise - Tool 89', 'https://tool89.example.com', '2024-05-05', 'Llama', FALSE),
(90, 'Cloud_Tool_90', 90, 'Advanced AI solution for enterprise - Tool 90', 'https://tool90.example.com', '2025-06-06', 'Gemini', TRUE),
(91, 'Tool_Tool_91', 91, 'Advanced AI solution for enterprise - Tool 91', 'https://tool91.example.com', '2023-07-07', 'GPT-4', TRUE),
(92, 'Smart_Tool_92', 92, 'Advanced AI solution for enterprise - Tool 92', 'https://tool92.example.com', '2024-08-08', 'GPT-3.5', TRUE),
(93, 'AI_Tool_93', 93, 'Advanced AI solution for enterprise - Tool 93', 'https://tool93.example.com', '2025-09-09', 'BERT', FALSE),
(94, 'Auto_Tool_94', 94, 'Advanced AI solution for enterprise - Tool 94', 'https://tool94.example.com', '2023-10-10', 'Claude', FALSE),
(95, 'Intellect_Tool_95', 95, 'Advanced AI solution for enterprise - Tool 95', 'https://tool95.example.com', '2024-11-11', 'Custom', FALSE),
(96, 'Quantum_Tool_96', 96, 'Advanced AI solution for enterprise - Tool 96', 'https://tool96.example.com', '2025-12-12', 'Proprietary', FALSE),
(97, 'Neural_Tool_97', 97, 'Advanced AI solution for enterprise - Tool 97', 'https://tool97.example.com', '2023-01-13', 'TensorFlow', FALSE),
(98, 'Cyber_Tool_98', 98, 'Advanced AI solution for enterprise - Tool 98', 'https://tool98.example.com', '2024-02-14', 'PyTorch', FALSE),
(99, 'Data_Tool_99', 99, 'Advanced AI solution for enterprise - Tool 99', 'https://tool99.example.com', '2025-03-15', 'Llama', FALSE),
(100, 'Cloud_Tool_100', 100, 'Advanced AI solution for enterprise - Tool 100', 'https://tool100.example.com', '2023-04-16', 'Gemini', TRUE),
(101, 'Tool_Tool_101', 101, 'Advanced AI solution for enterprise - Tool 101', 'https://tool101.example.com', '2024-05-17', 'GPT-4', TRUE),
(102, 'Smart_Tool_102', 102, 'Advanced AI solution for enterprise - Tool 102', 'https://tool102.example.com', '2025-06-18', 'GPT-3.5', TRUE),
(103, 'AI_Tool_103', 103, 'Advanced AI solution for enterprise - Tool 103', 'https://tool103.example.com', '2023-07-19', 'BERT', FALSE),
(104, 'Auto_Tool_104', 104, 'Advanced AI solution for enterprise - Tool 104', 'https://tool104.example.com', '2024-08-20', 'Claude', FALSE),
(105, 'Intellect_Tool_105', 105, 'Advanced AI solution for enterprise - Tool 105', 'https://tool105.example.com', '2025-09-21', 'Custom', FALSE),
(106, 'Quantum_Tool_106', 106, 'Advanced AI solution for enterprise - Tool 106', 'https://tool106.example.com', '2023-10-22', 'Proprietary', FALSE),
(107, 'Neural_Tool_107', 107, 'Advanced AI solution for enterprise - Tool 107', 'https://tool107.example.com', '2024-11-23', 'TensorFlow', FALSE),
(108, 'Cyber_Tool_108', 108, 'Advanced AI solution for enterprise - Tool 108', 'https://tool108.example.com', '2025-12-24', 'PyTorch', FALSE),
(109, 'Data_Tool_109', 109, 'Advanced AI solution for enterprise - Tool 109', 'https://tool109.example.com', '2023-01-25', 'Llama', FALSE),
(110, 'Cloud_Tool_110', 110, 'Advanced AI solution for enterprise - Tool 110', 'https://tool110.example.com', '2024-02-26', 'Gemini', TRUE),
(111, 'Tool_Tool_111', 111, 'Advanced AI solution for enterprise - Tool 111', 'https://tool111.example.com', '2025-03-27', 'GPT-4', TRUE),
(112, 'Smart_Tool_112', 112, 'Advanced AI solution for enterprise - Tool 112', 'https://tool112.example.com', '2023-04-28', 'GPT-3.5', TRUE),
(113, 'AI_Tool_113', 113, 'Advanced AI solution for enterprise - Tool 113', 'https://tool113.example.com', '2024-05-01', 'BERT', FALSE),
(114, 'Auto_Tool_114', 114, 'Advanced AI solution for enterprise - Tool 114', 'https://tool114.example.com', '2025-06-02', 'Claude', FALSE),
(115, 'Intellect_Tool_115', 115, 'Advanced AI solution for enterprise - Tool 115', 'https://tool115.example.com', '2023-07-03', 'Custom', FALSE),
(116, 'Quantum_Tool_116', 116, 'Advanced AI solution for enterprise - Tool 116', 'https://tool116.example.com', '2024-08-04', 'Proprietary', FALSE),
(117, 'Neural_Tool_117', 117, 'Advanced AI solution for enterprise - Tool 117', 'https://tool117.example.com', '2025-09-05', 'TensorFlow', FALSE),
(118, 'Cyber_Tool_118', 118, 'Advanced AI solution for enterprise - Tool 118', 'https://tool118.example.com', '2023-10-06', 'PyTorch', FALSE),
(119, 'Data_Tool_119', 119, 'Advanced AI solution for enterprise - Tool 119', 'https://tool119.example.com', '2024-11-07', 'Llama', FALSE),
(120, 'Cloud_Tool_120', 120, 'Advanced AI solution for enterprise - Tool 120', 'https://tool120.example.com', '2025-12-08', 'Gemini', TRUE),
(121, 'Tool_Tool_121', 121, 'Advanced AI solution for enterprise - Tool 121', 'https://tool121.example.com', '2023-01-09', 'GPT-4', TRUE),
(122, 'Smart_Tool_122', 122, 'Advanced AI solution for enterprise - Tool 122', 'https://tool122.example.com', '2024-02-10', 'GPT-3.5', TRUE),
(123, 'AI_Tool_123', 123, 'Advanced AI solution for enterprise - Tool 123', 'https://tool123.example.com', '2025-03-11', 'BERT', FALSE),
(124, 'Auto_Tool_124', 124, 'Advanced AI solution for enterprise - Tool 124', 'https://tool124.example.com', '2023-04-12', 'Claude', FALSE),
(125, 'Intellect_Tool_125', 125, 'Advanced AI solution for enterprise - Tool 125', 'https://tool125.example.com', '2024-05-13', 'Custom', FALSE),
(126, 'Quantum_Tool_126', 126, 'Advanced AI solution for enterprise - Tool 126', 'https://tool126.example.com', '2025-06-14', 'Proprietary', FALSE),
(127, 'Neural_Tool_127', 127, 'Advanced AI solution for enterprise - Tool 127', 'https://tool127.example.com', '2023-07-15', 'TensorFlow', FALSE),
(128, 'Cyber_Tool_128', 128, 'Advanced AI solution for enterprise - Tool 128', 'https://tool128.example.com', '2024-08-16', 'PyTorch', FALSE),
(129, 'Data_Tool_129', 129, 'Advanced AI solution for enterprise - Tool 129', 'https://tool129.example.com', '2025-09-17', 'Llama', FALSE),
(130, 'Cloud_Tool_130', 130, 'Advanced AI solution for enterprise - Tool 130', 'https://tool130.example.com', '2023-10-18', 'Gemini', TRUE),
(131, 'Tool_Tool_131', 131, 'Advanced AI solution for enterprise - Tool 131', 'https://tool131.example.com', '2024-11-19', 'GPT-4', TRUE),
(132, 'Smart_Tool_132', 132, 'Advanced AI solution for enterprise - Tool 132', 'https://tool132.example.com', '2025-12-20', 'GPT-3.5', TRUE),
(133, 'AI_Tool_133', 133, 'Advanced AI solution for enterprise - Tool 133', 'https://tool133.example.com', '2023-01-21', 'BERT', FALSE),
(134, 'Auto_Tool_134', 134, 'Advanced AI solution for enterprise - Tool 134', 'https://tool134.example.com', '2024-02-22', 'Claude', FALSE),
(135, 'Intellect_Tool_135', 135, 'Advanced AI solution for enterprise - Tool 135', 'https://tool135.example.com', '2025-03-23', 'Custom', FALSE),
(136, 'Quantum_Tool_136', 136, 'Advanced AI solution for enterprise - Tool 136', 'https://tool136.example.com', '2023-04-24', 'Proprietary', FALSE),
(137, 'Neural_Tool_137', 137, 'Advanced AI solution for enterprise - Tool 137', 'https://tool137.example.com', '2024-05-25', 'TensorFlow', FALSE),
(138, 'Cyber_Tool_138', 138, 'Advanced AI solution for enterprise - Tool 138', 'https://tool138.example.com', '2025-06-26', 'PyTorch', FALSE),
(139, 'Data_Tool_139', 139, 'Advanced AI solution for enterprise - Tool 139', 'https://tool139.example.com', '2023-07-27', 'Llama', FALSE),
(140, 'Cloud_Tool_140', 140, 'Advanced AI solution for enterprise - Tool 140', 'https://tool140.example.com', '2024-08-28', 'Gemini', TRUE),
(141, 'Tool_Tool_141', 141, 'Advanced AI solution for enterprise - Tool 141', 'https://tool141.example.com', '2025-09-01', 'GPT-4', TRUE),
(142, 'Smart_Tool_142', 142, 'Advanced AI solution for enterprise - Tool 142', 'https://tool142.example.com', '2023-10-02', 'GPT-3.5', TRUE),
(143, 'AI_Tool_143', 143, 'Advanced AI solution for enterprise - Tool 143', 'https://tool143.example.com', '2024-11-03', 'BERT', FALSE),
(144, 'Auto_Tool_144', 144, 'Advanced AI solution for enterprise - Tool 144', 'https://tool144.example.com', '2025-12-04', 'Claude', FALSE),
(145, 'Intellect_Tool_145', 145, 'Advanced AI solution for enterprise - Tool 145', 'https://tool145.example.com', '2023-01-05', 'Custom', FALSE),
(146, 'Quantum_Tool_146', 146, 'Advanced AI solution for enterprise - Tool 146', 'https://tool146.example.com', '2024-02-06', 'Proprietary', FALSE),
(147, 'Neural_Tool_147', 147, 'Advanced AI solution for enterprise - Tool 147', 'https://tool147.example.com', '2025-03-07', 'TensorFlow', FALSE),
(148, 'Cyber_Tool_148', 148, 'Advanced AI solution for enterprise - Tool 148', 'https://tool148.example.com', '2023-04-08', 'PyTorch', FALSE),
(149, 'Data_Tool_149', 149, 'Advanced AI solution for enterprise - Tool 149', 'https://tool149.example.com', '2024-05-09', 'Llama', FALSE),
(150, 'Cloud_Tool_150', 150, 'Advanced AI solution for enterprise - Tool 150', 'https://tool150.example.com', '2025-06-10', 'Gemini', TRUE),
(151, 'Tool_Tool_151', 151, 'Advanced AI solution for enterprise - Tool 151', 'https://tool151.example.com', '2023-07-11', 'GPT-4', TRUE),
(152, 'Smart_Tool_152', 152, 'Advanced AI solution for enterprise - Tool 152', 'https://tool152.example.com', '2024-08-12', 'GPT-3.5', TRUE),
(153, 'AI_Tool_153', 153, 'Advanced AI solution for enterprise - Tool 153', 'https://tool153.example.com', '2025-09-13', 'BERT', FALSE),
(154, 'Auto_Tool_154', 154, 'Advanced AI solution for enterprise - Tool 154', 'https://tool154.example.com', '2023-10-14', 'Claude', FALSE),
(155, 'Intellect_Tool_155', 155, 'Advanced AI solution for enterprise - Tool 155', 'https://tool155.example.com', '2024-11-15', 'Custom', FALSE),
(156, 'Quantum_Tool_156', 156, 'Advanced AI solution for enterprise - Tool 156', 'https://tool156.example.com', '2025-12-16', 'Proprietary', FALSE),
(157, 'Neural_Tool_157', 157, 'Advanced AI solution for enterprise - Tool 157', 'https://tool157.example.com', '2023-01-17', 'TensorFlow', FALSE),
(158, 'Cyber_Tool_158', 158, 'Advanced AI solution for enterprise - Tool 158', 'https://tool158.example.com', '2024-02-18', 'PyTorch', FALSE),
(159, 'Data_Tool_159', 159, 'Advanced AI solution for enterprise - Tool 159', 'https://tool159.example.com', '2025-03-19', 'Llama', FALSE),
(160, 'Cloud_Tool_160', 160, 'Advanced AI solution for enterprise - Tool 160', 'https://tool160.example.com', '2023-04-20', 'Gemini', TRUE),
(161, 'Tool_Tool_161', 161, 'Advanced AI solution for enterprise - Tool 161', 'https://tool161.example.com', '2024-05-21', 'GPT-4', TRUE),
(162, 'Smart_Tool_162', 162, 'Advanced AI solution for enterprise - Tool 162', 'https://tool162.example.com', '2025-06-22', 'GPT-3.5', TRUE),
(163, 'AI_Tool_163', 163, 'Advanced AI solution for enterprise - Tool 163', 'https://tool163.example.com', '2023-07-23', 'BERT', FALSE),
(164, 'Auto_Tool_164', 164, 'Advanced AI solution for enterprise - Tool 164', 'https://tool164.example.com', '2024-08-24', 'Claude', FALSE),
(165, 'Intellect_Tool_165', 165, 'Advanced AI solution for enterprise - Tool 165', 'https://tool165.example.com', '2025-09-25', 'Custom', FALSE),
(166, 'Quantum_Tool_166', 166, 'Advanced AI solution for enterprise - Tool 166', 'https://tool166.example.com', '2023-10-26', 'Proprietary', FALSE),
(167, 'Neural_Tool_167', 167, 'Advanced AI solution for enterprise - Tool 167', 'https://tool167.example.com', '2024-11-27', 'TensorFlow', FALSE),
(168, 'Cyber_Tool_168', 168, 'Advanced AI solution for enterprise - Tool 168', 'https://tool168.example.com', '2025-12-28', 'PyTorch', FALSE),
(169, 'Data_Tool_169', 169, 'Advanced AI solution for enterprise - Tool 169', 'https://tool169.example.com', '2023-01-01', 'Llama', FALSE),
(170, 'Cloud_Tool_170', 170, 'Advanced AI solution for enterprise - Tool 170', 'https://tool170.example.com', '2024-02-02', 'Gemini', TRUE),
(171, 'Tool_Tool_171', 171, 'Advanced AI solution for enterprise - Tool 171', 'https://tool171.example.com', '2025-03-03', 'GPT-4', TRUE),
(172, 'Smart_Tool_172', 172, 'Advanced AI solution for enterprise - Tool 172', 'https://tool172.example.com', '2023-04-04', 'GPT-3.5', TRUE),
(173, 'AI_Tool_173', 173, 'Advanced AI solution for enterprise - Tool 173', 'https://tool173.example.com', '2024-05-05', 'BERT', FALSE),
(174, 'Auto_Tool_174', 174, 'Advanced AI solution for enterprise - Tool 174', 'https://tool174.example.com', '2025-06-06', 'Claude', FALSE),
(175, 'Intellect_Tool_175', 175, 'Advanced AI solution for enterprise - Tool 175', 'https://tool175.example.com', '2023-07-07', 'Custom', FALSE),
(176, 'Quantum_Tool_176', 176, 'Advanced AI solution for enterprise - Tool 176', 'https://tool176.example.com', '2024-08-08', 'Proprietary', FALSE),
(177, 'Neural_Tool_177', 177, 'Advanced AI solution for enterprise - Tool 177', 'https://tool177.example.com', '2025-09-09', 'TensorFlow', FALSE),
(178, 'Cyber_Tool_178', 178, 'Advanced AI solution for enterprise - Tool 178', 'https://tool178.example.com', '2023-10-10', 'PyTorch', FALSE),
(179, 'Data_Tool_179', 179, 'Advanced AI solution for enterprise - Tool 179', 'https://tool179.example.com', '2024-11-11', 'Llama', FALSE),
(180, 'Cloud_Tool_180', 180, 'Advanced AI solution for enterprise - Tool 180', 'https://tool180.example.com', '2025-12-12', 'Gemini', TRUE),
(181, 'Tool_Tool_181', 181, 'Advanced AI solution for enterprise - Tool 181', 'https://tool181.example.com', '2023-01-13', 'GPT-4', TRUE),
(182, 'Smart_Tool_182', 182, 'Advanced AI solution for enterprise - Tool 182', 'https://tool182.example.com', '2024-02-14', 'GPT-3.5', TRUE),
(183, 'AI_Tool_183', 183, 'Advanced AI solution for enterprise - Tool 183', 'https://tool183.example.com', '2025-03-15', 'BERT', FALSE),
(184, 'Auto_Tool_184', 184, 'Advanced AI solution for enterprise - Tool 184', 'https://tool184.example.com', '2023-04-16', 'Claude', FALSE),
(185, 'Intellect_Tool_185', 185, 'Advanced AI solution for enterprise - Tool 185', 'https://tool185.example.com', '2024-05-17', 'Custom', FALSE),
(186, 'Quantum_Tool_186', 186, 'Advanced AI solution for enterprise - Tool 186', 'https://tool186.example.com', '2025-06-18', 'Proprietary', FALSE),
(187, 'Neural_Tool_187', 187, 'Advanced AI solution for enterprise - Tool 187', 'https://tool187.example.com', '2023-07-19', 'TensorFlow', FALSE),
(188, 'Cyber_Tool_188', 188, 'Advanced AI solution for enterprise - Tool 188', 'https://tool188.example.com', '2024-08-20', 'PyTorch', FALSE),
(189, 'Data_Tool_189', 189, 'Advanced AI solution for enterprise - Tool 189', 'https://tool189.example.com', '2025-09-21', 'Llama', FALSE),
(190, 'Cloud_Tool_190', 190, 'Advanced AI solution for enterprise - Tool 190', 'https://tool190.example.com', '2023-10-22', 'Gemini', TRUE),
(191, 'Tool_Tool_191', 191, 'Advanced AI solution for enterprise - Tool 191', 'https://tool191.example.com', '2024-11-23', 'GPT-4', TRUE),
(192, 'Smart_Tool_192', 192, 'Advanced AI solution for enterprise - Tool 192', 'https://tool192.example.com', '2025-12-24', 'GPT-3.5', TRUE),
(193, 'AI_Tool_193', 193, 'Advanced AI solution for enterprise - Tool 193', 'https://tool193.example.com', '2023-01-25', 'BERT', FALSE),
(194, 'Auto_Tool_194', 194, 'Advanced AI solution for enterprise - Tool 194', 'https://tool194.example.com', '2024-02-26', 'Claude', FALSE),
(195, 'Intellect_Tool_195', 195, 'Advanced AI solution for enterprise - Tool 195', 'https://tool195.example.com', '2025-03-27', 'Custom', FALSE),
(196, 'Quantum_Tool_196', 196, 'Advanced AI solution for enterprise - Tool 196', 'https://tool196.example.com', '2023-04-28', 'Proprietary', FALSE),
(197, 'Neural_Tool_197', 197, 'Advanced AI solution for enterprise - Tool 197', 'https://tool197.example.com', '2024-05-01', 'TensorFlow', FALSE),
(198, 'Cyber_Tool_198', 198, 'Advanced AI solution for enterprise - Tool 198', 'https://tool198.example.com', '2025-06-02', 'PyTorch', FALSE),
(199, 'Data_Tool_199', 199, 'Advanced AI solution for enterprise - Tool 199', 'https://tool199.example.com', '2023-07-03', 'Llama', FALSE),
(200, 'Cloud_Tool_200', 200, 'Advanced AI solution for enterprise - Tool 200', 'https://tool200.example.com', '2024-08-04', 'Gemini', TRUE),
(201, 'Tool_Tool_201', 201, 'Advanced AI solution for enterprise - Tool 201', 'https://tool201.example.com', '2025-09-05', 'GPT-4', TRUE),
(202, 'Smart_Tool_202', 202, 'Advanced AI solution for enterprise - Tool 202', 'https://tool202.example.com', '2023-10-06', 'GPT-3.5', TRUE),
(203, 'AI_Tool_203', 203, 'Advanced AI solution for enterprise - Tool 203', 'https://tool203.example.com', '2024-11-07', 'BERT', FALSE),
(204, 'Auto_Tool_204', 204, 'Advanced AI solution for enterprise - Tool 204', 'https://tool204.example.com', '2025-12-08', 'Claude', FALSE),
(205, 'Intellect_Tool_205', 205, 'Advanced AI solution for enterprise - Tool 205', 'https://tool205.example.com', '2023-01-09', 'Custom', FALSE),
(206, 'Quantum_Tool_206', 206, 'Advanced AI solution for enterprise - Tool 206', 'https://tool206.example.com', '2024-02-10', 'Proprietary', FALSE),
(207, 'Neural_Tool_207', 207, 'Advanced AI solution for enterprise - Tool 207', 'https://tool207.example.com', '2025-03-11', 'TensorFlow', FALSE),
(208, 'Cyber_Tool_208', 208, 'Advanced AI solution for enterprise - Tool 208', 'https://tool208.example.com', '2023-04-12', 'PyTorch', FALSE),
(209, 'Data_Tool_209', 209, 'Advanced AI solution for enterprise - Tool 209', 'https://tool209.example.com', '2024-05-13', 'Llama', FALSE),
(210, 'Cloud_Tool_210', 210, 'Advanced AI solution for enterprise - Tool 210', 'https://tool210.example.com', '2025-06-14', 'Gemini', TRUE),
(211, 'Tool_Tool_211', 211, 'Advanced AI solution for enterprise - Tool 211', 'https://tool211.example.com', '2023-07-15', 'GPT-4', TRUE),
(212, 'Smart_Tool_212', 212, 'Advanced AI solution for enterprise - Tool 212', 'https://tool212.example.com', '2024-08-16', 'GPT-3.5', TRUE),
(213, 'AI_Tool_213', 213, 'Advanced AI solution for enterprise - Tool 213', 'https://tool213.example.com', '2025-09-17', 'BERT', FALSE),
(214, 'Auto_Tool_214', 214, 'Advanced AI solution for enterprise - Tool 214', 'https://tool214.example.com', '2023-10-18', 'Claude', FALSE),
(215, 'Intellect_Tool_215', 215, 'Advanced AI solution for enterprise - Tool 215', 'https://tool215.example.com', '2024-11-19', 'Custom', FALSE),
(216, 'Quantum_Tool_216', 216, 'Advanced AI solution for enterprise - Tool 216', 'https://tool216.example.com', '2025-12-20', 'Proprietary', FALSE),
(217, 'Neural_Tool_217', 217, 'Advanced AI solution for enterprise - Tool 217', 'https://tool217.example.com', '2023-01-21', 'TensorFlow', FALSE),
(218, 'Cyber_Tool_218', 218, 'Advanced AI solution for enterprise - Tool 218', 'https://tool218.example.com', '2024-02-22', 'PyTorch', FALSE),
(219, 'Data_Tool_219', 219, 'Advanced AI solution for enterprise - Tool 219', 'https://tool219.example.com', '2025-03-23', 'Llama', FALSE),
(220, 'Cloud_Tool_220', 220, 'Advanced AI solution for enterprise - Tool 220', 'https://tool220.example.com', '2023-04-24', 'Gemini', TRUE);
